{
  "material": "plastic scintillator",
  "data": {
    "wavelengths": [505.097, 494.627, 482.131, 467.612, 456.51, 449.632, 436.658, 
  431.188, 419.661, 415.796, 413.117, 411.443, 408.993, 406.956, 
  405.542, 402.733, 401.738, 399.751, 396.803, 394.052, 391.746, 
  387.619, 381.455, 373.422],
    "energies": [2.45497, 2.50694, 2.57191, 2.65177, 
  2.71626, 2.75781, 2.83975, 2.87578, 2.95477, 2.98223, 3.00157, 
  3.01378, 3.03184, 3.04701, 3.05764, 3.07896, 3.08659, 3.10193, 
  3.12498, 3.14679, 3.16532, 3.19902, 3.25072, 3.32064 ], 
    "emmission":[0.0057693, 
  0.00647436, 0.0315583, 0.0769804, 0.132273, 0.197383, 0.371994, 
  0.439029, 0.538795, 0.617843, 0.739236, 0.864601, 0.933453, 
  0.980055, 0.988231, 0.968218, 0.946063, 0.893671, 0.750436, 
  0.615267, 0.397241, 0.195498, 0.0423782, 0.000494898] 
  }
}
