{
  "material": "plastic scintillator",
  "data": {
    "wavelengths": [498.015, 490.024, 479.033, 470.049, 458.582, 453.115, 446.654, 
    438.704, 432.73, 427.256, 422.786, 419.326, 416.872, 414.932, 
    414.456, 411.979, 410.492, 408.999, 406.995, 404.482, 403.978, 
    402.965, 401.951, 399.928, 397.374, 396.334, 393.258, 390.164, 
    386.574, 381.523, 379.523, 370.0],
    "energies": [2.48989, 2.53049, 2.58855, 
    2.63802, 2.70399, 2.73661, 2.7762, 2.82651, 2.86553, 2.90224, 
    2.93292, 2.95713, 2.97453, 2.98844, 2.99188, 3.00986, 3.02077, 
    3.0318, 3.04672, 3.06565, 3.06947, 3.07719, 3.08495, 3.10056, 
    3.12048, 3.12867, 3.15315, 3.17815, 3.20767, 3.25013, 3.26726, 
    3.35135], 
    "emmission":[0.0290686, 0.0480032, 0.0665378, 0.0986732, 0.163811, 
    0.229749, 0.308887, 0.407827, 0.460364, 0.512968, 0.572371, 0.65191,
    0.744916, 0.864658, 0.911261, 0.957597, 0.984066, 0.9972, 0.990266,
    0.963264, 0.95653, 0.929729, 0.902927, 0.85599, 0.748983, 0.668845,
    0.515101, 0.328022, 0.147543, 0.0468698, 0.0466031, 0.0] 
  }
}
