{
  "property":"scintillation yeilds",
  "data": {
    "kinetic energies":[0, 10, 20, 30, 40, 50, 50, 70, 90, 110, 130, 150, 170, 190, 190, 
  240, 290, 340, 390, 440, 490, 540, 590, 640, 690, 740, 790, 840, 
  890, 940, 990],
  "electron": [0.0010197, 0.070038, 0.139817, 0.210325, 0.281509, 
  0.353295, 0.353295, 0.498268, 0.644225, 0.789808, 0.932235, 1.07667,
   1.22111, 1.36555, 1.36555, 1.72665, 2.08774, 2.44884, 2.80994, 
  3.17103, 3.53213, 3.89323, 4.25432, 4.61542, 4.97652, 5.33761, 
  5.69871, 6.0598, 6.4209, 6.782, 7.14309], 
  "proton":[0, 0.0458257, 0.0964081, 
  0.149766, 0.20579, 0.264325, 0.264325, 0.388084, 0.518921, 0.654003,
   0.786399, 0.919298, 1.0522, 1.1851, 1.1851, 1.51734, 1.84959, 
  2.18184, 2.51409, 2.84633, 3.17858, 3.51083, 3.84308, 4.17533, 
  4.50757, 4.83982, 5.17207, 5.50432, 5.83656, 6.16881, 
  6.50106], 
  "deuteron":[0.000228012, 0.0357616, 0.0758948, 0.120514, 0.169428, 
  0.222373, 0.222373, 0.338909, 0.466477, 0.600215, 0.725919, 
  0.853917, 0.981914, 1.10991, 1.10991, 1.42991, 1.7499, 2.06989, 
  2.38989, 2.70988, 3.02988, 3.34987, 3.66987, 3.98986, 4.30986, 
  4.62985, 4.94984, 5.26984, 5.58983, 5.90983, 6.22982], 
  "triton":[0.00217241, 
  0.0331461, 0.0682954, 0.107539, 0.150743, 0.197719, 0.197719, 
  0.301959, 0.417672, 0.541409, 0.667533, 0.792031, 0.916529, 1.04103,
   1.04103, 1.35227, 1.66352, 1.97476, 2.28601, 2.59725, 2.9085, 
  3.21974, 3.53099, 3.84223, 4.15348, 4.46472, 4.77597, 5.08721, 
  5.39846, 5.7097, 6.02094],
  "Helium-3":[0.00438096, 0.0184309, 0.0354221, 
  0.0553226, 0.078079, 0.103617, 0.103617, 0.16263, 0.23134, 0.308381,
   0.393657, 0.481043, 0.568428, 0.655813, 0.655813, 0.874276, 
  1.09274, 1.3112, 1.52967, 1.74813, 1.96659, 2.18506, 2.40352, 
  2.62198, 2.84045, 3.05891, 3.27737, 3.49584, 3.7143, 3.93276, 
  4.15123], 
  "alpha":[0.00327668, 0.0257885, 0.0518588, 0.081431, 0.114411, 
  0.150668, 0.150668, 0.232295, 0.324506, 0.424895, 0.530595, 
  0.636537, 0.742478, 0.84842, 0.84842, 1.11327, 1.37813, 1.64298, 
  1.90784, 2.17269, 2.43754, 2.7024, 2.96725, 3.23211, 3.49696, 
  3.76181, 4.02667, 4.29152, 4.55638, 4.82123, 5.08609]
}
}
