{
  "material" : "Kuraray Y11 WLS",
  "data" : {
    "wavelengths" : [652.632, 645.833, 639.175, 632.653, 626.263, 620.0, 613.861, 607.843,
   601.942, 596.154, 590.476, 584.906, 579.439, 574.074, 568.807, 
  563.636, 558.559, 553.571, 548.673, 543.86, 539.13, 534.483, 
  529.915, 525.424, 521.008, 516.667, 512.397, 508.197, 504.065, 500.0,
   496.0, 492.063, 488.189, 484.375, 480.62, 476.923, 473.282, 469.697,
   466.165, 462.687, 459.259, 455.882, 452.555, 449.275, 446.043, 
  442.857, 439.716, 436.62, 433.566, 430.556, 427.586, 424.658, 
  421.769, 418.919, 416.107, 413.333, 410.596, 407.895, 405.229, 
  402.597, 400.0, 397.436, 394.904, 392.405, 389.937, 387.5, 385.093, 
  382.716, 380.368, 378.049, 375.758, 373.494, 371.257, 369.048, 
  366.864, 364.706, 362.573, 360.465, 358.382, 356.322, 354.286, 
  352.273, 350.282, 348.315, 346.369, 344.444, 342.541, 340.659, 
  338.798, 336.957, 335.135, 333.333, 331.551, 329.787, 328.042, 
  326.316],
 "energies": [1.9, 1.92, 1.94, 1.96, 1.98, 2., 2.02, 2.04, 2.06, 2.08, 
  2.1, 2.12, 2.14, 2.16, 2.18, 2.2, 2.22, 2.24, 2.26, 2.28, 2.3, 2.32,
   2.34, 2.36, 2.38, 2.4, 2.42, 2.44, 2.46, 2.48, 2.5, 2.52, 2.54, 
  2.56, 2.58, 2.6, 2.62, 2.64, 2.66, 2.68, 2.7, 2.72, 2.74, 2.76, 
  2.78, 2.8, 2.82, 2.84, 2.86, 2.88, 2.9, 2.92, 2.94, 2.96, 2.98, 3., 
  3.02, 3.04, 3.06, 3.08, 3.1, 3.12, 3.14, 3.16, 3.18, 3.2, 3.22, 
  3.24, 3.26, 3.28, 3.3, 3.32, 3.34, 3.36, 3.38, 3.4, 3.42, 3.44, 
  3.46, 3.48, 3.5, 3.52, 3.54, 3.56, 3.58, 3.6, 3.62, 3.64, 3.66, 
  3.68, 3.7, 3.72, 3.74, 3.76, 3.78, 3.8], 
  "absoption": [0, 0, 0, 0, 0, 0, 0, 0, 0,
   0, 0, 0, 0, 0, 0, 0, 0, 0, 0, 0, 0, 0, 0, 0, 0, 0, 0, 0, 0, 0., 
  0.00886125, 0.0114287, 0.0124086, 0.0153573, 0.0266147, 0.0754951, 
  0.198775, 0.362469, 0.506588, 0.710712, 0.831828, 0.861427, 
  0.838593, 0.801116, 0.772936, 0.790369, 0.854022, 0.930148, 
  0.969011, 0.986813, 0.909458, 0.832786, 0.757244, 0.701502, 
  0.657436, 0.6197, 0.592124, 0.564548, 0.52846, 0.486644, 0.444829, 
  0.401522, 0.357594, 0.313666, 0.273795, 0.235646, 0.198889, 
  0.173538, 0.148187, 0.122836, 0.0974853, 0.0833246, 0.0723583, 
  0.061392, 0.0504257, 0.0458293, 0.0429001, 0.0399709, 0.0370417, 
  0.0341125, 0.0311833, 0.0282541, 0.025609, 0.023255, 0.020901, 
  0.0185469, 0.0161929, 0.0138389, 0.0114848, 0.00913079, 0.00677676, 
  0.00442273, 0.0020687, 0, 0, 0], 
  "absorption length":[15.7512, 15.7512, 15.7512, 
  15.7512, 15.7512, 15.7512, 15.7512, 15.7512, 15.7512, 15.7512, 
  15.7512, 15.7512, 15.7512, 15.7512, 15.7512, 15.7512, 15.7512, 
  15.7512, 15.7512, 15.7512, 15.7512, 15.7512, 15.7512, 15.7512, 
  15.7512, 15.7512, 15.7512, 15.7512, 15.7512, 15.7512, 15.6116, 
  15.5711, 15.5557, 15.5093, 15.332, 14.562, 12.6202, 10.0419, 
  7.77181, 4.55662, 2.6489, 2.18268, 2.54234, 3.13265, 3.57652, 
  3.30194, 2.29932, 1.10024, 0.488114, 0.207704, 1.42615, 2.63382, 
  3.8237, 4.7017, 5.39579, 5.99016, 6.42452, 6.85888, 7.4273, 8.08595,
   8.74459, 9.42673, 10.1186, 10.8106, 11.4386, 12.0395, 12.6184, 
  13.0177, 13.417, 13.8164, 14.2157, 14.4387, 14.6114, 14.7842, 
  14.9569, 15.0293, 15.0754, 15.1216, 15.1677, 15.2139, 15.26, 
  15.3061, 15.3478, 15.3849, 15.4219, 15.459, 15.4961, 15.5332, 
  15.5703, 15.6073, 15.6444, 15.6815, 15.7186, 15.7512, 15.7512, 
  15.7512],
  "emission": [0, 0.00721253, 0.0189329, 0.0226868, 0.0263995, 0.02979, 
  0.0321353, 0.0344806, 0.0368259, 0.0392154, 0.045909, 0.0526026, 
  0.0592962, 0.0755797, 0.0937883, 0.117489, 0.14813, 0.178771, 
  0.215699, 0.253016, 0.286764, 0.31805, 0.356039, 0.443485, 0.5372, 
  0.630915, 0.727269, 0.783258, 0.762788, 0.733277, 0.70717, 0.728632,
   0.796122, 0.890933, 0.972089, 1.00397, 0.880085, 0.686637, 
  0.471271, 0.301391, 0.193752, 0.113452, 0.0696161, 0.0551339, 
  0.0433935, 0.0316532, 0.0199128, 0.00938565, 0.00509222, 
  0.000798779, 0, 0, 0, 0, 0, 0, 0, 0, 0, 0, 0, 0, 0, 0, 0, 0, 0, 0, 
  0, 0, 0, 0, 0, 0, 0, 0, 0, 0, 0, 0, 0, 0, 0, 0, 0, 0, 0, 0, 0, 0, 0,
   0, 0, 0, 0, 0]
  }
}
